package,wheel,has_sbom,sbom_count,sbom_files,sbom_valid,sbom_hash_mismatch,sbom_missing_from_wheel,sbom_missing_from_record,status,error
aiobotocore,aiobotocore-3.1.3-0-py3-none-any.whl,Yes,1,aiobotocore-3.1.3.dist-info/aiobotocore-3.1.3-0.spdx.json,1,0,,,OK,
aiobotocore,aiobotocore-3.2.0-0-py3-none-any.whl,Yes,1,aiobotocore-3.2.0.dist-info/aiobotocore-3.2.0-0.spdx.json,1,0,,,OK,
aiofiles,aiofiles-25.1.0-0-py3-none-any.whl,Yes,1,aiofiles-25.1.0.dist-info/aiofiles-25.1.0-0.spdx.json,1,0,,,OK,
aiohappyeyeballs,aiohappyeyeballs-2.6.1-0-py3-none-any.whl,Yes,1,aiohappyeyeballs-2.6.1.dist-info/aiohappyeyeballs-2.6.1-0.spdx.json,1,0,,,OK,
aiohttp,aiohttp-3.13.3-0-cp312-cp312-manylinux2014_x86_64.manylinux_2_17_x86_64.manylinux_2_28_x86_64.whl,Yes,1,aiohttp-3.13.3.dist-info/aiohttp-3.13.3-0.spdx.json,1,0,,,OK,
aioitertools,aioitertools-0.13.0-0-py3-none-any.whl,Yes,1,aioitertools-0.13.0.dist-info/aioitertools-0.13.0-0.spdx.json,1,0,,,OK,
aiosignal,aiosignal-1.4.0-0-py3-none-any.whl,Yes,1,aiosignal-1.4.0.dist-info/aiosignal-1.4.0-0.spdx.json,1,0,,,OK,
alembic,alembic-1.18.4-0-py3-none-any.whl,Yes,1,alembic-1.18.4.dist-info/alembic-1.18.4-0.spdx.json,1,0,,,OK,
amqp,amqp-5.3.1-0-py3-none-any.whl,Yes,1,amqp-5.3.1.dist-info/amqp-5.3.1-0.spdx.json,1,0,,,OK,
anchore-syft,anchore_syft-1.18.1-0-py2.py3-none-manylinux1_x86_64.manylinux_2_28_x86_64.manylinux_2_5_x86_64.whl,Yes,1,anchore_syft-1.18.1.dist-info/anchore_syft-1.18.1-0.spdx.json,1,0,,,OK,
annotated-doc,annotated_doc-0.0.4-0-py3-none-any.whl,Yes,1,annotated_doc-0.0.4.dist-info/annotated_doc-0.0.4-0.spdx.json,1,0,,,OK,
annotated-types,annotated_types-0.7.0-0-py3-none-any.whl,Yes,1,annotated_types-0.7.0.dist-info/annotated_types-0.7.0-0.spdx.json,1,0,,,OK,
anyio,anyio-4.12.1-0-py3-none-any.whl,Yes,1,anyio-4.12.1.dist-info/anyio-4.12.1-0.spdx.json,1,0,,,OK,
apispec,apispec-6.9.0-0-py3-none-any.whl,Yes,1,apispec-6.9.0.dist-info/apispec-6.9.0-0.spdx.json,1,0,,,OK,
appdirs,appdirs-1.4.4-0-py2.py3-none-any.whl,Yes,1,appdirs-1.4.4.dist-info/appdirs-1.4.4-0.spdx.json,1,0,,,OK,
apscheduler,apscheduler-3.11.2-0-py3-none-any.whl,Yes,1,apscheduler-3.11.2.dist-info/apscheduler-3.11.2-0.spdx.json,1,0,,,OK,
argcomplete,argcomplete-3.6.3-0-py3-none-any.whl,Yes,1,argcomplete-3.6.3.dist-info/argcomplete-3.6.3-0.spdx.json,1,0,,,OK,
arrow,arrow-1.4.0-0-py3-none-any.whl,Yes,1,arrow-1.4.0.dist-info/arrow-1.4.0-0.spdx.json,1,0,,,OK,
asgiref,asgiref-3.11.1-0-py3-none-any.whl,Yes,1,asgiref-3.11.1.dist-info/asgiref-3.11.1-0.spdx.json,1,0,,,OK,
asttokens,asttokens-3.0.1-0-py3-none-any.whl,Yes,1,asttokens-3.0.1.dist-info/asttokens-3.0.1-0.spdx.json,1,0,,,OK,
async-lru,async_lru-2.1.0-0-py3-none-any.whl,Yes,1,async_lru-2.1.0.dist-info/async_lru-2.1.0-0.spdx.json,1,0,,,OK,
async-timeout,async_timeout-5.0.1-0-py3-none-any.whl,Yes,1,async_timeout-5.0.1.dist-info/async_timeout-5.0.1-0.spdx.json,1,0,,,OK,
attrs,attrs-25.4.0-0-py3-none-any.whl,Yes,1,attrs-25.4.0.dist-info/attrs-25.4.0-0.spdx.json,1,0,,,OK,
awscli,awscli-1.44.35-0-py3-none-any.whl,Yes,1,awscli-1.44.35.dist-info/awscli-1.44.35-0.spdx.json,1,0,,,OK,
azure-common,azure_common-1.1.28-0-py2.py3-none-any.whl,Yes,1,azure_common-1.1.28.dist-info/azure_common-1.1.28-0.spdx.json,1,0,,,OK,
babel,babel-2.18.0-0-py3-none-any.whl,Yes,1,babel-2.18.0.dist-info/babel-2.18.0-0.spdx.json,1,0,,,OK,
backoff,backoff-2.2.1-0-py3-none-any.whl,Yes,1,backoff-2.2.1.dist-info/backoff-2.2.1-0.spdx.json,1,0,,,OK,
bandit,bandit-1.9.3-0-py3-none-any.whl,Yes,1,bandit-1.9.3.dist-info/bandit-1.9.3-0.spdx.json,1,0,,,OK,
bidict,bidict-0.23.1-0-py3-none-any.whl,Yes,1,bidict-0.23.1.dist-info/bidict-0.23.1-0.spdx.json,1,0,,,OK,
billiard,billiard-4.2.4-0-py3-none-any.whl,Yes,1,billiard-4.2.4.dist-info/billiard-4.2.4-0.spdx.json,1,0,,,OK,
bleach,bleach-6.3.0-0-py3-none-any.whl,Yes,1,bleach-6.3.0.dist-info/bleach-6.3.0-0.spdx.json,0,0,,bleach-6.3.0.dist-info/bleach-6.3.0-0.spdx.json,OK,
blinker,blinker-1.9.0-0-py3-none-any.whl,Yes,1,blinker-1.9.0.dist-info/blinker-1.9.0-0.spdx.json,1,0,,,OK,
boltons,boltons-25.0.0-0-py3-none-any.whl,Yes,1,boltons-25.0.0.dist-info/boltons-25.0.0-0.spdx.json,1,0,,,OK,
boto3,boto3-1.42.49-0-py3-none-any.whl,Yes,1,boto3-1.42.49.dist-info/boto3-1.42.49-0.spdx.json,1,0,,,OK,
botocore,botocore-1.42.49-0-py3-none-any.whl,Yes,1,botocore-1.42.49.dist-info/botocore-1.42.49-0.spdx.json,1,0,,,OK,
botocore,botocore-1.42.51-0-py3-none-any.whl,Yes,1,botocore-1.42.51.dist-info/botocore-1.42.51-0.spdx.json,1,0,,,OK,
botocore,botocore-1.42.55-0-py3-none-any.whl,Yes,1,botocore-1.42.55.dist-info/botocore-1.42.55-0.spdx.json,1,0,,,OK,
botocore,botocore-1.42.45-0-py3-none-any.whl,Yes,1,botocore-1.42.45.dist-info/botocore-1.42.45-0.spdx.json,1,0,,,OK,
botocore,botocore-1.42.43-0-py3-none-any.whl,Yes,1,botocore-1.42.43.dist-info/botocore-1.42.43-0.spdx.json,1,0,,,OK,
build,build-1.4.0-0-py3-none-any.whl,Yes,1,build-1.4.0.dist-info/build-1.4.0-0.spdx.json,1,0,,,OK,
cachetools,cachetools-7.0.1-0-py3-none-any.whl,Yes,1,cachetools-7.0.1.dist-info/cachetools-7.0.1-0.spdx.json,1,0,,,OK,
calver,calver-2025.10.20-0-py3-none-any.whl,Yes,1,calver-2025.10.20.dist-info/calver-2025.10.20-0.spdx.json,1,0,,,OK,
cattrs,cattrs-26.1.0-0-py3-none-any.whl,Yes,1,cattrs-26.1.0.dist-info/cattrs-26.1.0-0.spdx.json,1,0,,,OK,
cattrs,cattrs-25.3.0-0-py3-none-any.whl,Yes,1,cattrs-25.3.0.dist-info/cattrs-25.3.0-0.spdx.json,1,0,,,OK,
celery,celery-5.6.2-0-py3-none-any.whl,Yes,1,celery-5.6.2.dist-info/celery-5.6.2-0.spdx.json,1,0,,,OK,
certifi,certifi-2026.1.4-0-py3-none-any.whl,Yes,1,certifi-2026.1.4.dist-info/certifi-2026.1.4-0.spdx.json,1,0,,,OK,
certifi,certifi-2026.2.25-0-py3-none-any.whl,Yes,1,certifi-2026.2.25.dist-info/certifi-2026.2.25-0.spdx.json,1,0,,,OK,
cffi,cffi-2.0.0-0-cp312-cp312-manylinux_2_27_x86_64.manylinux_2_28_x86_64.whl,Yes,1,cffi-2.0.0.dist-info/cffi-2.0.0-0.spdx.json,1,0,,,OK,
chardet,chardet-6.0.0.post1-0-py3-none-any.whl,Yes,1,chardet-6.0.0.post1.dist-info/chardet-6.0.0.post1-0.spdx.json,1,0,,,OK,
charset-normalizer,charset_normalizer-3.4.4-0-py3-none-any.whl,Yes,1,charset_normalizer-3.4.4.dist-info/charset_normalizer-3.4.4-0.spdx.json,1,0,,,OK,
click,click-8.3.1-0-py3-none-any.whl,Yes,1,click-8.3.1.dist-info/click-8.3.1-0.spdx.json,1,0,,,OK,
click-didyoumean,click_didyoumean-0.3.1-0-py3-none-any.whl,Yes,1,click_didyoumean-0.3.1.dist-info/click_didyoumean-0.3.1-0.spdx.json,1,0,,,OK,
click-plugins,click_plugins-1.1.1.2-0-py2.py3-none-any.whl,Yes,1,click_plugins-1.1.1.2.dist-info/click_plugins-1.1.1.2-0.spdx.json,1,0,,,OK,
click-repl,click_repl-0.3.0-0-py3-none-any.whl,Yes,1,click_repl-0.3.0.dist-info/click_repl-0.3.0-0.spdx.json,1,0,,,OK,
cloudpickle,cloudpickle-3.1.2-0-py3-none-any.whl,Yes,1,cloudpickle-3.1.2.dist-info/cloudpickle-3.1.2-0.spdx.json,1,0,,,OK,
coherent-licensed,coherent_licensed-0.5.2-0-py3-none-any.whl,Yes,1,coherent_licensed-0.5.2.dist-info/coherent_licensed-0.5.2-0.spdx.json,1,0,,,OK,
colorama,colorama-0.4.6-0-py2.py3-none-any.whl,Yes,1,colorama-0.4.6.dist-info/colorama-0.4.6-0.spdx.json,1,0,,,OK,
colorlog,colorlog-6.10.1-0-py3-none-any.whl,Yes,1,colorlog-6.10.1.dist-info/colorlog-6.10.1-0.spdx.json,1,0,,,OK,
configargparse,configargparse-1.7.1-0-py3-none-any.whl,Yes,1,configargparse-1.7.1.dist-info/configargparse-1.7.1-0.spdx.json,1,0,,,OK,
configparser,configparser-7.2.0-0-py3-none-any.whl,Yes,1,configparser-7.2.0.dist-info/configparser-7.2.0-0.spdx.json,1,0,,,OK,
coverage,coverage-7.13.4-0-cp312-cp312-manylinux1_x86_64.manylinux_2_28_x86_64.manylinux_2_5_x86_64.whl,Yes,1,coverage-7.13.4.dist-info/coverage-7.13.4-0.spdx.json,1,0,,,OK,
croniter,croniter-6.0.0-0-py2.py3-none-any.whl,Yes,1,croniter-6.0.0.dist-info/croniter-6.0.0-0.spdx.json,1,0,,,OK,
cryptography,cryptography-46.0.5-0-cp312-abi3-manylinux_2_28_x86_64.whl,Yes,1,cryptography-46.0.5.dist-info/cryptography-46.0.5-0.spdx.json,1,0,,,OK,
cython,cython-3.2.4-0-cp312-cp312-linux_x86_64.whl,Yes,1,cython-3.2.4.dist-info/cython-3.2.4-0.spdx.json,1,0,,,OK,
cython,cython-3.2.4-0-cp312-cp312-manylinux2014_x86_64.manylinux_2_17_x86_64.manylinux_2_28_x86_64.whl,Yes,1,cython-3.2.4.dist-info/cython-3.2.4-0.spdx.json,1,0,,,OK,
cython,cython-3.1.8-0-cp312-cp312-manylinux2014_x86_64.manylinux_2_17_x86_64.manylinux_2_28_x86_64.whl,Yes,1,cython-3.1.8.dist-info/cython-3.1.8-0.spdx.json,1,0,,,OK,
cython,cython-3.1.1-0-cp312-cp312-manylinux2014_x86_64.manylinux_2_17_x86_64.manylinux_2_28_x86_64.whl,Yes,1,cython-3.1.1.dist-info/cython-3.1.1-0.spdx.json,1,0,,,OK,
dacite,dacite-1.9.2-0-py3-none-any.whl,Yes,1,dacite-1.9.2.dist-info/dacite-1.9.2-0.spdx.json,1,0,,,OK,
dask,dask-2026.1.2-0-py3-none-any.whl,Yes,1,dask-2026.1.2.dist-info/dask-2026.1.2-0.spdx.json,1,0,,,OK,
dateparser,dateparser-1.3.0-0-py3-none-any.whl,Yes,1,dateparser-1.3.0.dist-info/dateparser-1.3.0-0.spdx.json,1,0,,,OK,
decorator,decorator-5.2.1-0-py3-none-any.whl,Yes,1,decorator-5.2.1.dist-info/decorator-5.2.1-0.spdx.json,1,0,,,OK,
defusedxml,defusedxml-0.8.0rc2-0-py2.py3-none-any.whl,Yes,1,defusedxml-0.8.0rc2.dist-info/defusedxml-0.8.0rc2-0.spdx.json,1,0,,,OK,
deprecated,deprecated-1.3.1-0-py2.py3-none-any.whl,Yes,1,deprecated-1.3.1.dist-info/deprecated-1.3.1-0.spdx.json,1,0,,,OK,
deprecation,deprecation-2.1.0-0-py2.py3-none-any.whl,Yes,1,deprecation-2.1.0.dist-info/deprecation-2.1.0-0.spdx.json,1,0,,,OK,
dill,dill-0.4.1-0-py3-none-any.whl,Yes,1,dill-0.4.1.dist-info/dill-0.4.1-0.spdx.json,1,0,,,OK,
diskcache,diskcache-5.6.3-0-py3-none-any.whl,Yes,1,diskcache-5.6.3.dist-info/diskcache-5.6.3-0.spdx.json,1,0,,,OK,
distlib,distlib-0.4.0-0-py2.py3-none-any.whl,Yes,1,distlib-0.4.0.dist-info/distlib-0.4.0-0.spdx.json,1,0,,,OK,
distro,distro-1.9.0-0-py3-none-any.whl,Yes,1,distro-1.9.0.dist-info/distro-1.9.0-0.spdx.json,1,0,,,OK,
django,django-6.0.2-0-py3-none-any.whl,Yes,1,django-6.0.2.dist-info/django-6.0.2-0.spdx.json,1,0,,,OK,
dnspython,dnspython-2.8.0-0-py3-none-any.whl,Yes,1,dnspython-2.8.0.dist-info/dnspython-2.8.0-0.spdx.json,1,0,,,OK,
docutils,docutils-0.19-0-py3-none-any.whl,Yes,1,docutils-0.19.dist-info/docutils-0.19-0.spdx.json,1,0,,,OK,
docutils,docutils-0.22.4-0-py3-none-any.whl,Yes,1,docutils-0.22.4.dist-info/docutils-0.22.4-0.spdx.json,1,0,,,OK,
ecdsa,ecdsa-0.19.1-0-py2.py3-none-any.whl,Yes,1,ecdsa-0.19.1.dist-info/ecdsa-0.19.1-0.spdx.json,1,0,,,OK,
email-validator,email_validator-2.3.0-0-py3-none-any.whl,Yes,1,email_validator-2.3.0.dist-info/email_validator-2.3.0-0.spdx.json,1,0,,,OK,
emoji,emoji-2.15.0-0-py3-none-any.whl,Yes,1,emoji-2.15.0.dist-info/emoji-2.15.0-0.spdx.json,1,0,,,OK,
et-xmlfile,et_xmlfile-2.0.0-0-py3-none-any.whl,Yes,1,et_xmlfile-2.0.0.dist-info/et_xmlfile-2.0.0-0.spdx.json,1,0,,,OK,
exceptiongroup,exceptiongroup-1.3.1-0-py3-none-any.whl,Yes,1,exceptiongroup-1.3.1.dist-info/exceptiongroup-1.3.1-0.spdx.json,1,0,,,OK,
execnet,execnet-2.1.2-0-py3-none-any.whl,Yes,1,execnet-2.1.2.dist-info/execnet-2.1.2-0.spdx.json,1,0,,,OK,
executing,executing-2.2.1-0-py2.py3-none-any.whl,Yes,1,executing-2.2.1.dist-info/executing-2.2.1-0.spdx.json,1,0,,,OK,
expandvars,expandvars-1.1.2-0-py3-none-any.whl,Yes,1,expandvars-1.1.2.dist-info/expandvars-1.1.2-0.spdx.json,1,0,,,OK,
face,face-26.0.0-0-py3-none-any.whl,Yes,1,face-26.0.0.dist-info/face-26.0.0-0.spdx.json,1,0,,,OK,
factory-boy,factory_boy-3.3.3-0-py2.py3-none-any.whl,Yes,1,factory_boy-3.3.3.dist-info/factory_boy-3.3.3-0.spdx.json,1,0,,,OK,
faker,faker-40.2.0-0-py3-none-any.whl,Yes,1,faker-40.2.0.dist-info/faker-40.2.0-0.spdx.json,1,0,,,OK,
faker,faker-40.5.1-0-py3-none-any.whl,Yes,1,faker-40.5.1.dist-info/faker-40.5.1-0.spdx.json,1,0,,,OK,
faker,faker-40.1.2-0-py3-none-any.whl,Yes,1,faker-40.1.2.dist-info/faker-40.1.2-0.spdx.json,1,0,,,OK,
fastapi,fastapi-0.129.0-0-py3-none-any.whl,Yes,1,fastapi-0.129.0.dist-info/fastapi-0.129.0-0.spdx.json,1,0,,,OK,
fasteners,fasteners-0.20-0-py3-none-any.whl,Yes,1,fasteners-0.20.dist-info/fasteners-0.20-0.spdx.json,1,0,,,OK,
filelock,filelock-3.24.0-0-py3-none-any.whl,Yes,1,filelock-3.24.0.dist-info/filelock-3.24.0-0.spdx.json,1,0,,,OK,
filelock,filelock-3.24.3-0-py3-none-any.whl,Yes,1,filelock-3.24.3.dist-info/filelock-3.24.3-0.spdx.json,1,0,,,OK,
filelock,filelock-3.20.4-0-py3-none-any.whl,Yes,1,filelock-3.20.4.dist-info/filelock-3.20.4-0.spdx.json,1,0,,,OK,
filelock,filelock-3.24.1-0-py3-none-any.whl,Yes,1,filelock-3.24.1.dist-info/filelock-3.24.1-0.spdx.json,1,0,,,OK,
fire,fire-0.7.1-0-py3-none-any.whl,Yes,1,fire-0.7.1.dist-info/fire-0.7.1-0.spdx.json,1,0,,,OK,
flake8,flake8-7.3.0-0-py2.py3-none-any.whl,Yes,1,flake8-7.3.0.dist-info/flake8-7.3.0-0.spdx.json,1,0,,,OK,
flask,flask-3.1.3-0-py3-none-any.whl,Yes,1,flask-3.1.3.dist-info/flask-3.1.3-0.spdx.json,1,0,,,OK,
flask-appbuilder,flask_appbuilder-5.1.0-0-py3-none-any.whl,Yes,1,flask_appbuilder-5.1.0.dist-info/flask_appbuilder-5.1.0-0.spdx.json,1,0,,,OK,
flask-appbuilder,flask_appbuilder-5.1.0rc1-0-py3-none-any.whl,Yes,1,flask_appbuilder-5.1.0rc1.dist-info/flask_appbuilder-5.1.0rc1-0.spdx.json,1,0,,,OK,
flask-babel,flask_babel-4.0.0-0-py3-none-any.whl,Yes,1,flask_babel-4.0.0.dist-info/flask_babel-4.0.0-0.spdx.json,1,0,,,OK,
flask-cors,flask_cors-6.0.2-0-py3-none-any.whl,Yes,1,flask_cors-6.0.2.dist-info/flask_cors-6.0.2-0.spdx.json,1,0,,,OK,
flask-jwt-extended,flask_jwt_extended-4.7.1-0-py2.py3-none-any.whl,Yes,1,flask_jwt_extended-4.7.1.dist-info/flask_jwt_extended-4.7.1-0.spdx.json,1,0,,,OK,
flask-limiter,flask_limiter-3.12-0-py3-none-any.whl,Yes,1,flask_limiter-3.12.dist-info/flask_limiter-3.12-0.spdx.json,1,0,,,OK,
flask-limiter,flask_limiter-4.1.1-0-py3-none-any.whl,Yes,1,flask_limiter-4.1.1.dist-info/flask_limiter-4.1.1-0.spdx.json,1,0,,,OK,
flask-login,flask_login-0.6.3-0-py3-none-any.whl,Yes,1,flask_login-0.6.3.dist-info/flask_login-0.6.3-0.spdx.json,1,0,,,OK,
flask-migrate,flask_migrate-4.1.0-0-py3-none-any.whl,Yes,1,flask_migrate-4.1.0.dist-info/flask_migrate-4.1.0-0.spdx.json,1,0,,,OK,
flask-sqlalchemy,flask_sqlalchemy-3.1.1-0-py3-none-any.whl,Yes,1,flask_sqlalchemy-3.1.1.dist-info/flask_sqlalchemy-3.1.1-0.spdx.json,1,0,,,OK,
flask-wtf,flask_wtf-1.2.2-0-py3-none-any.whl,Yes,1,flask_wtf-1.2.2.dist-info/flask_wtf-1.2.2-0.spdx.json,1,0,,,OK,
flit-core,flit_core-3.12.0-0-py3-none-any.whl,Yes,1,flit_core-3.12.0.dist-info/flit_core-3.12.0-0.spdx.json,1,0,,,OK,
flit-scm,flit_scm-1.7.0-0-py3-none-any.whl,Yes,1,flit_scm-1.7.0.dist-info/flit_scm-1.7.0-0.spdx.json,1,0,,,OK,
freezegun,freezegun-1.5.5-0-py3-none-any.whl,Yes,1,freezegun-1.5.5.dist-info/freezegun-1.5.5-0.spdx.json,1,0,,,OK,
frozenlist,frozenlist-1.8.0-0-cp312-cp312-manylinux1_x86_64.manylinux_2_28_x86_64.manylinux_2_5_x86_64.whl,Yes,1,frozenlist-1.8.0.dist-info/frozenlist-1.8.0-0.spdx.json,1,0,,,OK,
fsspec,fsspec-2026.2.0-0-py3-none-any.whl,Yes,1,fsspec-2026.2.0.dist-info/fsspec-2026.2.0-0.spdx.json,1,0,,,OK,
fsspec,fsspec-2026.1.0-0-py3-none-any.whl,Yes,1,fsspec-2026.1.0.dist-info/fsspec-2026.1.0-0.spdx.json,1,0,,,OK,
funcy,funcy-2.0-0-py2.py3-none-any.whl,Yes,1,funcy-2.0.dist-info/funcy-2.0-0.spdx.json,1,0,,,OK,
gitdb,gitdb-4.0.11-0-py3-none-any.whl,Yes,1,gitdb-4.0.11.dist-info/gitdb-4.0.11-0.spdx.json,1,0,,,OK,
glom,glom-25.12.0-0-py3-none-any.whl,Yes,1,glom-25.12.0.dist-info/glom-25.12.0-0.spdx.json,1,0,,,OK,
google-api-core,google_api_core-2.30.0-0-py3-none-any.whl,Yes,1,google_api_core-2.30.0.dist-info/google_api_core-2.30.0-0.spdx.json,1,0,,,OK,
google-auth,google_auth-2.48.0-0-py3-none-any.whl,Yes,1,google_auth-2.48.0.dist-info/google_auth-2.48.0-0.spdx.json,1,0,,,OK,
google-pasta,google_pasta-0.2.0-0-py3-none-any.whl,Yes,1,google_pasta-0.2.0.dist-info/google_pasta-0.2.0-0.spdx.json,1,0,,,OK,
googleapis-common-protos,googleapis_common_protos-1.72.0-0-py3-none-any.whl,Yes,1,googleapis_common_protos-1.72.0.dist-info/googleapis_common_protos-1.72.0-0.spdx.json,1,0,,,OK,
graphene,graphene-3.4.3-0-py2.py3-none-any.whl,Yes,1,graphene-3.4.3.dist-info/graphene-3.4.3-0.spdx.json,1,0,,,OK,
graphql-core,graphql_core-3.2.7-0-py3-none-any.whl,Yes,1,graphql_core-3.2.7.dist-info/graphql_core-3.2.7-0.spdx.json,1,0,,,OK,
graphql-relay,graphql_relay-3.2.0-0-py3-none-any.whl,Yes,1,graphql_relay-3.2.0.dist-info/graphql_relay-3.2.0-0.spdx.json,1,0,,,OK,
greenlet,greenlet-3.3.1-0-cp312-cp312-manylinux_2_24_x86_64.manylinux_2_28_x86_64.whl,Yes,1,greenlet-3.3.1.dist-info/greenlet-3.3.1-0.spdx.json,1,0,,,OK,
greenlet,greenlet-3.3.2-0-cp312-cp312-manylinux_2_24_x86_64.manylinux_2_28_x86_64.whl,Yes,1,greenlet-3.3.2.dist-info/greenlet-3.3.2-0.spdx.json,1,0,,,OK,
grpcio,grpcio-1.78.1-0-cp312-cp312-manylinux_2_27_x86_64.manylinux_2_28_x86_64.whl,Yes,1,grpcio-1.78.1.dist-info/grpcio-1.78.1-0.spdx.json,1,0,,,OK,
grpcio,grpcio-1.78.0rc2-0-cp312-cp312-manylinux_2_27_x86_64.manylinux_2_28_x86_64.whl,Yes,1,grpcio-1.78.0rc2.dist-info/grpcio-1.78.0rc2-0.spdx.json,1,0,,,OK,
grpcio-status,grpcio_status-1.78.0-0-py3-none-any.whl,Yes,1,grpcio_status-1.78.0.dist-info/grpcio_status-1.78.0-0.spdx.json,1,0,,,OK,
h11,h11-0.16.0-0-py3-none-any.whl,Yes,1,h11-0.16.0.dist-info/h11-0.16.0-0.spdx.json,1,0,,,OK,
h2,h2-4.3.0-0-py3-none-any.whl,Yes,1,h2-4.3.0.dist-info/h2-4.3.0-0.spdx.json,1,0,,,OK,
hatch-fancy-pypi-readme,hatch_fancy_pypi_readme-25.1.0-0-py3-none-any.whl,Yes,1,hatch_fancy_pypi_readme-25.1.0.dist-info/hatch_fancy_pypi_readme-25.1.0-0.spdx.json,1,0,,,OK,
hatch-vcs,hatch_vcs-0.5.0-0-py3-none-any.whl,Yes,1,hatch_vcs-0.5.0.dist-info/hatch_vcs-0.5.0-0.spdx.json,1,0,,,OK,
hatchling,hatchling-1.28.0-0-py3-none-any.whl,Yes,1,hatchling-1.28.0.dist-info/hatchling-1.28.0-0.spdx.json,1,0,,,OK,
hatchling,hatchling-1.29.0-0-py3-none-any.whl,Yes,1,hatchling-1.29.0.dist-info/hatchling-1.29.0-0.spdx.json,1,0,,,OK,
hpack,hpack-4.1.0-0-py3-none-any.whl,Yes,1,hpack-4.1.0.dist-info/hpack-4.1.0-0.spdx.json,1,0,,,OK,
html2text,html2text-2025.4.15-0-py3-none-any.whl,Yes,1,html2text-2025.4.15.dist-info/html2text-2025.4.15-0.spdx.json,1,0,,,OK,
httpcore,httpcore-1.0.9-0-py3-none-any.whl,Yes,1,httpcore-1.0.9.dist-info/httpcore-1.0.9-0.spdx.json,1,0,,,OK,
httplib2,httplib2-0.31.2-0-py3-none-any.whl,Yes,1,httplib2-0.31.2.dist-info/httplib2-0.31.2-0.spdx.json,1,0,,,OK,
httpx,httpx-0.28.1-0-py3-none-any.whl,Yes,1,httpx-0.28.1.dist-info/httpx-0.28.1-0.spdx.json,1,0,,,OK,
humanfriendly,humanfriendly-10.0-0-py2.py3-none-any.whl,Yes,1,humanfriendly-10.0.dist-info/humanfriendly-10.0-0.spdx.json,1,0,,,OK,
humanize,humanize-4.15.0-0-py3-none-any.whl,Yes,1,humanize-4.15.0.dist-info/humanize-4.15.0-0.spdx.json,1,0,,,OK,
hyperframe,hyperframe-6.1.0-0-py3-none-any.whl,Yes,1,hyperframe-6.1.0.dist-info/hyperframe-6.1.0-0.spdx.json,1,0,,,OK,
idna,idna-3.11-0-py3-none-any.whl,Yes,1,idna-3.11.dist-info/idna-3.11-0.spdx.json,1,0,,,OK,
importlib-metadata,importlib_metadata-8.7.1-0-py3-none-any.whl,Yes,1,importlib_metadata-8.7.1.dist-info/importlib_metadata-8.7.1-0.spdx.json,1,0,,,OK,
iniconfig,iniconfig-2.3.0-0-py3-none-any.whl,Yes,1,iniconfig-2.3.0.dist-info/iniconfig-2.3.0-0.spdx.json,1,0,,,OK,
installer,installer-0.7.0-0-py3-none-any.whl,Yes,1,installer-0.7.0.dist-info/installer-0.7.0-0.spdx.json,1,0,,,OK,
invoke,invoke-2.2.1-0-py3-none-any.whl,Yes,1,invoke-2.2.1.dist-info/invoke-2.2.1-0.spdx.json,1,0,,,OK,
isodate,isodate-0.7.2-0-py3-none-any.whl,Yes,1,isodate-0.7.2.dist-info/isodate-0.7.2-0.spdx.json,1,0,,,OK,
isort,isort-7.0.0-0-py3-none-any.whl,Yes,1,isort-7.0.0.dist-info/isort-7.0.0-0.spdx.json,1,0,,,OK,
itsdangerous,itsdangerous-2.2.0-0-py3-none-any.whl,Yes,1,itsdangerous-2.2.0.dist-info/itsdangerous-2.2.0-0.spdx.json,1,0,,,OK,
jinja2,jinja2-3.1.6-0-py3-none-any.whl,Yes,1,jinja2-3.1.6.dist-info/jinja2-3.1.6-0.spdx.json,1,0,,,OK,
jmespath,jmespath-1.1.0-0-py3-none-any.whl,Yes,1,jmespath-1.1.0.dist-info/jmespath-1.1.0-0.spdx.json,1,0,,,OK,
jsonlines,jsonlines-4.0.0-0-py3-none-any.whl,Yes,1,jsonlines-4.0.0.dist-info/jsonlines-4.0.0-0.spdx.json,1,0,,,OK,
jsonpatch,jsonpatch-1.33-0-py2.py3-none-any.whl,Yes,1,jsonpatch-1.33.dist-info/jsonpatch-1.33-0.spdx.json,1,0,,,OK,
jsonpointer,jsonpointer-3.0.0-0-py2.py3-none-any.whl,Yes,1,jsonpointer-3.0.0.dist-info/jsonpointer-3.0.0-0.spdx.json,1,0,,,OK,
jsonref,jsonref-1.1.0-0-py3-none-any.whl,Yes,1,jsonref-1.1.0.dist-info/jsonref-1.1.0-0.spdx.json,1,0,,,OK,
jsonschema,jsonschema-4.26.0-0-py3-none-any.whl,Yes,1,jsonschema-4.26.0.dist-info/jsonschema-4.26.0-0.spdx.json,1,0,,,OK,
jsonschema-specifications,jsonschema_specifications-2025.9.1-0-py3-none-any.whl,Yes,1,jsonschema_specifications-2025.9.1.dist-info/jsonschema_specifications-2025.9.1-0.spdx.json,1,0,,,OK,
kombu,kombu-5.6.2-0-py3-none-any.whl,Yes,1,kombu-5.6.2.dist-info/kombu-5.6.2-0.spdx.json,1,0,,,OK,
librt,librt-0.8.1-0-cp312-cp312-manylinux2014_x86_64.manylinux_2_17_x86_64.manylinux_2_28_x86_64.whl,Yes,1,librt-0.8.1.dist-info/librt-0.8.1-0.spdx.json,1,0,,,OK,
limits,limits-5.8.0-0-py3-none-any.whl,Yes,1,limits-5.8.0.dist-info/limits-5.8.0-0.spdx.json,1,0,,,OK,
locket,locket-1.0.0-0-py2.py3-none-any.whl,Yes,1,locket-1.0.0.dist-info/locket-1.0.0-0.spdx.json,1,0,,,OK,
loguru,loguru-0.7.3-0-py3-none-any.whl,Yes,1,loguru-0.7.3.dist-info/loguru-0.7.3-0.spdx.json,1,0,,,OK,
mako,mako-1.3.10-0-py3-none-any.whl,Yes,1,mako-1.3.10.dist-info/mako-1.3.10-0.spdx.json,1,0,,,OK,
markdown,markdown-3.10.2-0-py3-none-any.whl,Yes,1,markdown-3.10.2.dist-info/markdown-3.10.2-0.spdx.json,1,0,,,OK,
markdown,markdown-3.10.1-0-py3-none-any.whl,Yes,1,markdown-3.10.1.dist-info/markdown-3.10.1-0.spdx.json,1,0,,,OK,
markdown-it-py,markdown_it_py-4.0.0-0-py3-none-any.whl,Yes,1,markdown_it_py-4.0.0.dist-info/markdown_it_py-4.0.0-0.spdx.json,1,0,,,OK,
markupsafe,markupsafe-3.0.3-0-cp312-cp312-linux_x86_64.whl,Yes,1,markupsafe-3.0.3.dist-info/markupsafe-3.0.3-0.spdx.json,1,0,,,OK,
markupsafe,markupsafe-3.0.3-0-cp312-cp312-manylinux2014_x86_64.manylinux_2_17_x86_64.manylinux_2_28_x86_64.whl,Yes,1,markupsafe-3.0.3.dist-info/markupsafe-3.0.3-0.spdx.json,1,0,,,OK,
marshmallow,marshmallow-4.2.1-0-py3-none-any.whl,Yes,1,marshmallow-4.2.1.dist-info/marshmallow-4.2.1-0.spdx.json,1,0,,,OK,
marshmallow,marshmallow-4.2.2-0-py3-none-any.whl,Yes,1,marshmallow-4.2.2.dist-info/marshmallow-4.2.2-0.spdx.json,1,0,,,OK,
marshmallow-sqlalchemy,marshmallow_sqlalchemy-1.4.2-0-py3-none-any.whl,Yes,1,marshmallow_sqlalchemy-1.4.2.dist-info/marshmallow_sqlalchemy-1.4.2-0.spdx.json,1,0,,,OK,
maturin,maturin-1.12.4-0-cp312-cp312-manylinux_2_28_x86_64.whl,Yes,1,maturin-1.12.4.dist-info/maturin-1.12.4-0.spdx.json,1,0,,,OK,
mccabe,mccabe-0.7.0-0-py2.py3-none-any.whl,Yes,1,mccabe-0.7.0.dist-info/mccabe-0.7.0-0.spdx.json,1,0,,,OK,
mdurl,mdurl-0.1.2-0-py3-none-any.whl,Yes,1,mdurl-0.1.2.dist-info/mdurl-0.1.2-0.spdx.json,1,0,,,OK,
meson,meson-1.10.1-0-py3-none-any.whl,Yes,1,meson-1.10.1.dist-info/meson-1.10.1-0.spdx.json,1,0,,,OK,
meson-python,meson_python-0.19.0-0-py3-none-any.whl,Yes,1,meson_python-0.19.0.dist-info/meson_python-0.19.0-0.spdx.json,1,0,,,OK,
mistune,mistune-3.2.0-0-py3-none-any.whl,Yes,1,mistune-3.2.0.dist-info/mistune-3.2.0-0.spdx.json,1,0,,,OK,
mock,mock-5.2.0-0-py3-none-any.whl,Yes,1,mock-5.2.0.dist-info/mock-5.2.0-0.spdx.json,1,0,,,OK,
more-itertools,more_itertools-10.8.0-0-py3-none-any.whl,Yes,1,more_itertools-10.8.0.dist-info/more_itertools-10.8.0-0.spdx.json,1,0,,,OK,
msgpack,msgpack-1.1.2-0-cp312-cp312-manylinux2014_x86_64.manylinux_2_17_x86_64.manylinux_2_28_x86_64.whl,Yes,1,msgpack-1.1.2.dist-info/msgpack-1.1.2-0.spdx.json,1,0,,,OK,
multidict,multidict-6.7.1-0-cp312-cp312-manylinux2014_x86_64.manylinux_2_17_x86_64.manylinux_2_28_x86_64.whl,Yes,1,multidict-6.7.1.dist-info/multidict-6.7.1-0.spdx.json,1,0,,,OK,
mypy,mypy-1.19.1-0-py3-none-any.whl,Yes,1,mypy-1.19.1.dist-info/mypy-1.19.1-0.spdx.json,1,0,,,OK,
mypy-extensions,mypy_extensions-1.1.0-0-py3-none-any.whl,Yes,1,mypy_extensions-1.1.0.dist-info/mypy_extensions-1.1.0-0.spdx.json,1,0,,,OK,
nest-asyncio,nest_asyncio-1.6.0-0-py3-none-any.whl,Yes,1,nest_asyncio-1.6.0.dist-info/nest_asyncio-1.6.0-0.spdx.json,1,0,,,OK,
networkx,networkx-3.6.1-0-py3-none-any.whl,Yes,1,networkx-3.6.1.dist-info/networkx-3.6.1-0.spdx.json,1,0,,,OK,
ninja,ninja-1.13.0-0-py3-none-manylinux_2_24_x86_64.manylinux_2_28_x86_64.whl,Yes,1,ninja-1.13.0.dist-info/ninja-1.13.0-0.spdx.json,1,0,,,OK,
numpy,numpy-2.3.5-0-cp312-cp312-manylinux_2_27_x86_64.manylinux_2_28_x86_64.whl,Yes,1,numpy-2.3.5.dist-info/numpy-2.3.5-0.spdx.json,1,0,,,OK,
numpy,numpy-2.4.2-0-cp312-cp312-manylinux_2_27_x86_64.manylinux_2_28_x86_64.whl,Yes,1,numpy-2.4.2.dist-info/numpy-2.4.2-0.spdx.json,1,0,,,OK,
numpy,numpy-2.4.1-0-cp312-cp312-manylinux_2_27_x86_64.manylinux_2_28_x86_64.whl,Yes,1,numpy-2.4.1.dist-info/numpy-2.4.1-0.spdx.json,1,0,,,OK,
oauthlib,oauthlib-3.3.1-0-py3-none-any.whl,Yes,1,oauthlib-3.3.1.dist-info/oauthlib-3.3.1-0.spdx.json,1,0,,,OK,
openpyxl,openpyxl-3.1.5-0-py2.py3-none-any.whl,Yes,1,openpyxl-3.1.5.dist-info/openpyxl-3.1.5-0.spdx.json,1,0,,,OK,
opentelemetry-api,opentelemetry_api-1.39.1-0-py3-none-any.whl,Yes,1,opentelemetry_api-1.39.1.dist-info/opentelemetry_api-1.39.1-0.spdx.json,1,0,,,OK,
opentelemetry-distro,opentelemetry_distro-0.60b1-0-py3-none-any.whl,Yes,1,opentelemetry_distro-0.60b1.dist-info/opentelemetry_distro-0.60b1-0.spdx.json,1,0,,,OK,
opentelemetry-exporter-otlp,opentelemetry_exporter_otlp-1.39.1-0-py3-none-any.whl,Yes,1,opentelemetry_exporter_otlp-1.39.1.dist-info/opentelemetry_exporter_otlp-1.39.1-0.spdx.json,1,0,,,OK,
opentelemetry-exporter-otlp-proto-common,opentelemetry_exporter_otlp_proto_common-1.39.1-0-py3-none-any.whl,Yes,1,opentelemetry_exporter_otlp_proto_common-1.39.1.dist-info/opentelemetry_exporter_otlp_proto_common-1.39.1-0.spdx.json,1,0,,,OK,
opentelemetry-exporter-otlp-proto-grpc,opentelemetry_exporter_otlp_proto_grpc-1.39.1-0-py3-none-any.whl,Yes,1,opentelemetry_exporter_otlp_proto_grpc-1.39.1.dist-info/opentelemetry_exporter_otlp_proto_grpc-1.39.1-0.spdx.json,1,0,,,OK,
opentelemetry-exporter-otlp-proto-http,opentelemetry_exporter_otlp_proto_http-1.39.1-0-py3-none-any.whl,Yes,1,opentelemetry_exporter_otlp_proto_http-1.39.1.dist-info/opentelemetry_exporter_otlp_proto_http-1.39.1-0.spdx.json,1,0,,,OK,
opentelemetry-exporter-prometheus,opentelemetry_exporter_prometheus-0.60b1-0-py3-none-any.whl,Yes,1,opentelemetry_exporter_prometheus-0.60b1.dist-info/opentelemetry_exporter_prometheus-0.60b1-0.spdx.json,1,0,,,OK,
opentelemetry-instrumentation,opentelemetry_instrumentation-0.60b1-0-py3-none-any.whl,Yes,1,opentelemetry_instrumentation-0.60b1.dist-info/opentelemetry_instrumentation-0.60b1-0.spdx.json,1,0,,,OK,
opentelemetry-instrumentation-asgi,opentelemetry_instrumentation_asgi-0.60b1-0-py3-none-any.whl,Yes,1,opentelemetry_instrumentation_asgi-0.60b1.dist-info/opentelemetry_instrumentation_asgi-0.60b1-0.spdx.json,1,0,,,OK,
opentelemetry-instrumentation-dbapi,opentelemetry_instrumentation_dbapi-0.60b1-0-py3-none-any.whl,Yes,1,opentelemetry_instrumentation_dbapi-0.60b1.dist-info/opentelemetry_instrumentation_dbapi-0.60b1-0.spdx.json,1,0,,,OK,
opentelemetry-instrumentation-django,opentelemetry_instrumentation_django-0.60b1-0-py3-none-any.whl,Yes,1,opentelemetry_instrumentation_django-0.60b1.dist-info/opentelemetry_instrumentation_django-0.60b1-0.spdx.json,1,0,,,OK,
opentelemetry-instrumentation-fastapi,opentelemetry_instrumentation_fastapi-0.60b1-0-py3-none-any.whl,Yes,1,opentelemetry_instrumentation_fastapi-0.60b1.dist-info/opentelemetry_instrumentation_fastapi-0.60b1-0.spdx.json,1,0,,,OK,
opentelemetry-instrumentation-flask,opentelemetry_instrumentation_flask-0.60b1-0-py3-none-any.whl,Yes,1,opentelemetry_instrumentation_flask-0.60b1.dist-info/opentelemetry_instrumentation_flask-0.60b1-0.spdx.json,1,0,,,OK,
opentelemetry-instrumentation-logging,opentelemetry_instrumentation_logging-0.60b1-0-py3-none-any.whl,Yes,1,opentelemetry_instrumentation_logging-0.60b1.dist-info/opentelemetry_instrumentation_logging-0.60b1-0.spdx.json,1,0,,,OK,
opentelemetry-instrumentation-psycopg2,opentelemetry_instrumentation_psycopg2-0.60b1-0-py3-none-any.whl,Yes,1,opentelemetry_instrumentation_psycopg2-0.60b1.dist-info/opentelemetry_instrumentation_psycopg2-0.60b1-0.spdx.json,1,0,,,OK,
opentelemetry-instrumentation-requests,opentelemetry_instrumentation_requests-0.60b1-0-py3-none-any.whl,Yes,1,opentelemetry_instrumentation_requests-0.60b1.dist-info/opentelemetry_instrumentation_requests-0.60b1-0.spdx.json,1,0,,,OK,
opentelemetry-instrumentation-urllib,opentelemetry_instrumentation_urllib-0.60b1-0-py3-none-any.whl,Yes,1,opentelemetry_instrumentation_urllib-0.60b1.dist-info/opentelemetry_instrumentation_urllib-0.60b1-0.spdx.json,1,0,,,OK,
opentelemetry-instrumentation-urllib3,opentelemetry_instrumentation_urllib3-0.60b1-0-py3-none-any.whl,Yes,1,opentelemetry_instrumentation_urllib3-0.60b1.dist-info/opentelemetry_instrumentation_urllib3-0.60b1-0.spdx.json,1,0,,,OK,
opentelemetry-instrumentation-wsgi,opentelemetry_instrumentation_wsgi-0.60b1-0-py3-none-any.whl,Yes,1,opentelemetry_instrumentation_wsgi-0.60b1.dist-info/opentelemetry_instrumentation_wsgi-0.60b1-0.spdx.json,1,0,,,OK,
opentelemetry-proto,opentelemetry_proto-1.39.1-0-py3-none-any.whl,Yes,1,opentelemetry_proto-1.39.1.dist-info/opentelemetry_proto-1.39.1-0.spdx.json,1,0,,,OK,
opentelemetry-sdk,opentelemetry_sdk-1.39.1-0-py3-none-any.whl,Yes,1,opentelemetry_sdk-1.39.1.dist-info/opentelemetry_sdk-1.39.1-0.spdx.json,1,0,,,OK,
opentelemetry-semantic-conventions,opentelemetry_semantic_conventions-0.60b1-0-py3-none-any.whl,Yes,1,opentelemetry_semantic_conventions-0.60b1.dist-info/opentelemetry_semantic_conventions-0.60b1-0.spdx.json,1,0,,,OK,
opentelemetry-util-http,opentelemetry_util_http-0.60b1-0-py3-none-any.whl,Yes,1,opentelemetry_util_http-0.60b1.dist-info/opentelemetry_util_http-0.60b1-0.spdx.json,1,0,,,OK,
ordered-set,ordered_set-4.1.0-0-py3-none-any.whl,Yes,1,ordered_set-4.1.0.dist-info/ordered_set-4.1.0-0.spdx.json,1,0,,,OK,
packaging,packaging-26.0-0-py3-none-any.whl,Yes,1,packaging-26.0.dist-info/packaging-26.0-0.spdx.json,1,0,,,OK,
pandas,pandas-3.0.1-0-cp312-cp312-manylinux_2_24_x86_64.manylinux_2_28_x86_64.whl,Yes,1,pandas-3.0.1.dist-info/pandas-3.0.1-0.spdx.json,1,0,,,OK,
parso,parso-0.8.6-0-py2.py3-none-any.whl,Yes,1,parso-0.8.6.dist-info/parso-0.8.6-0.spdx.json,1,0,,,OK,
partd,partd-1.4.2-0-py3-none-any.whl,Yes,1,partd-1.4.2.dist-info/partd-1.4.2-0.spdx.json,1,0,,,OK,
passlib,passlib-1.7.4-0-py2.py3-none-any.whl,Yes,1,passlib-1.7.4.dist-info/passlib-1.7.4-0.spdx.json,1,0,,,OK,
pathspec,pathspec-1.0.4-0-py3-none-any.whl,Yes,1,pathspec-1.0.4.dist-info/pathspec-1.0.4-0.spdx.json,1,0,,,OK,
pbr,pbr-7.0.3-0-py2.py3-none-any.whl,Yes,1,pbr-7.0.3.dist-info/pbr-7.0.3-0.spdx.json,1,0,,,OK,
pdm-backend,pdm_backend-2.4.7-0-py3-none-any.whl,Yes,1,pdm_backend-2.4.7.dist-info/pdm_backend-2.4.7-0.spdx.json,1,0,,,OK,
pdm-pep517,pdm_pep517-1.1.4-0-py3-none-any.whl,Yes,1,pdm_pep517-1.1.4.dist-info/pdm_pep517-1.1.4-0.spdx.json,1,0,,,OK,
peewee,peewee-3.19.0-0-py3-none-any.whl,Yes,1,peewee-3.19.0.dist-info/peewee-3.19.0-0.spdx.json,1,0,,,OK,
peewee,peewee-4.0.0-0-cp312-cp312-linux_x86_64.whl,Yes,1,peewee-4.0.0.dist-info/peewee-4.0.0-0.spdx.json,1,0,,,OK,
peewee,peewee-4.0.0-0-cp312-cp312-manylinux1_x86_64.manylinux_2_28_x86_64.manylinux_2_5_x86_64.whl,Yes,1,peewee-4.0.0.dist-info/peewee-4.0.0-0.spdx.json,1,0,,,OK,
pendulum,pendulum-3.2.0-0-cp312-cp312-manylinux_2_28_x86_64.whl,Yes,1,pendulum-3.2.0.dist-info/pendulum-3.2.0-0.spdx.json,1,0,,,OK,
pexpect,pexpect-4.9.0-0-py2.py3-none-any.whl,Yes,1,pexpect-4.9.0.dist-info/pexpect-4.9.0-0.spdx.json,1,0,,,OK,
phonenumbers,phonenumbers-9.0.24-0-py2.py3-none-any.whl,Yes,1,phonenumbers-9.0.24.dist-info/phonenumbers-9.0.24-0.spdx.json,1,0,,,OK,
phonenumbers,phonenumbers-9.0.23-0-py2.py3-none-any.whl,Yes,1,phonenumbers-9.0.23.dist-info/phonenumbers-9.0.23-0.spdx.json,1,0,,,OK,
pillow,pillow-12.1.1-0-cp312-cp312-manylinux2014_x86_64.manylinux_2_17_x86_64.manylinux_2_28_x86_64.whl,Yes,1,pillow-12.1.1.dist-info/pillow-12.1.1-0.spdx.json,1,0,,,OK,
pillow,pillow-12.1.0-0-cp312-cp312-manylinux2014_x86_64.manylinux_2_17_x86_64.manylinux_2_28_x86_64.whl,Yes,1,pillow-12.1.0.dist-info/pillow-12.1.0-0.spdx.json,1,0,,,OK,
pip,pip-26.0.1-0-py3-none-any.whl,Yes,1,pip-26.0.1.dist-info/pip-26.0.1-0.spdx.json,1,0,,,OK,
pkgconfig,pkgconfig-1.5.5-0-py3-none-any.whl,Yes,1,pkgconfig-1.5.5.dist-info/pkgconfig-1.5.5-0.spdx.json,1,0,,,OK,
platformdirs,platformdirs-4.7.0-0-py3-none-any.whl,Yes,1,platformdirs-4.7.0.dist-info/platformdirs-4.7.0-0.spdx.json,1,0,,,OK,
platformdirs,platformdirs-4.9.2-0-py3-none-any.whl,Yes,1,platformdirs-4.9.2.dist-info/platformdirs-4.9.2-0.spdx.json,1,0,,,OK,
pluggy,pluggy-1.6.0-0-py3-none-any.whl,Yes,1,pluggy-1.6.0.dist-info/pluggy-1.6.0-0.spdx.json,1,0,,,OK,
poetry-core,poetry_core-1.9.1-0-py3-none-any.whl,Yes,1,poetry_core-1.9.1.dist-info/poetry_core-1.9.1-0.spdx.json,1,0,,,OK,
poetry-core,poetry_core-2.3.1-0-py3-none-any.whl,Yes,1,poetry_core-2.3.1.dist-info/poetry_core-2.3.1-0.spdx.json,1,0,,,OK,
portalocker,portalocker-3.2.0-0-py3-none-any.whl,Yes,1,portalocker-3.2.0.dist-info/portalocker-3.2.0-0.spdx.json,1,0,,,OK,
prettytable,prettytable-3.17.0-0-py3-none-any.whl,Yes,1,prettytable-3.17.0.dist-info/prettytable-3.17.0-0.spdx.json,1,0,,,OK,
prison,prison-0.2.1-0-py3-none-any.whl,Yes,1,prison-0.2.1.dist-info/prison-0.2.1-0.spdx.json,1,0,,,OK,
prometheus-client,prometheus_client-0.24.1-0-py3-none-any.whl,Yes,1,prometheus_client-0.24.1.dist-info/prometheus_client-0.24.1-0.spdx.json,1,0,,,OK,
prompt-toolkit,prompt_toolkit-3.0.52-0-py3-none-any.whl,Yes,1,prompt_toolkit-3.0.52.dist-info/prompt_toolkit-3.0.52-0.spdx.json,1,0,,,OK,
propcache,propcache-0.4.1-0-cp312-cp312-manylinux2014_x86_64.manylinux_2_17_x86_64.manylinux_2_28_x86_64.whl,Yes,1,propcache-0.4.1.dist-info/propcache-0.4.1-0.spdx.json,1,0,,,OK,
proto-plus,proto_plus-1.27.1-0-py3-none-any.whl,Yes,1,proto_plus-1.27.1.dist-info/proto_plus-1.27.1-0.spdx.json,1,0,,,OK,
protobuf,protobuf-5.29.6-0-cp312-cp312-manylinux2014_x86_64.manylinux_2_17_x86_64.manylinux_2_28_x86_64.whl,Yes,1,protobuf-5.29.6.dist-info/protobuf-5.29.6-0.spdx.json,1,0,,,OK,
protobuf,protobuf-6.33.5-0-cp312-cp312-manylinux2014_x86_64.manylinux_2_17_x86_64.manylinux_2_28_x86_64.whl,Yes,1,protobuf-6.33.5.dist-info/protobuf-6.33.5-0.spdx.json,1,0,,,OK,
psutil,psutil-7.2.2-0-cp36-abi3-manylinux2010_x86_64.manylinux_2_12_x86_64.manylinux_2_28_x86_64.whl,Yes,1,psutil-7.2.2.dist-info/psutil-7.2.2-0.spdx.json,1,0,,,OK,
ptyprocess,ptyprocess-0.7.0-0-py2.py3-none-any.whl,Yes,1,ptyprocess-0.7.0.dist-info/ptyprocess-0.7.0-0.spdx.json,1,0,,,OK,
pure-eval,pure_eval-0.2.3-0-py3-none-any.whl,Yes,1,pure_eval-0.2.3.dist-info/pure_eval-0.2.3-0.spdx.json,1,0,,,OK,
py,py-1.11.0-0-py2.py3-none-any.whl,Yes,1,py-1.11.0.dist-info/py-1.11.0-0.spdx.json,0,0,,py-1.11.0.dist-info/py-1.11.0-0.spdx.json,OK,
pyasn1,pyasn1-0.6.2-0-py3-none-any.whl,Yes,1,pyasn1-0.6.2.dist-info/pyasn1-0.6.2-0.spdx.json,1,0,,,OK,
pyasn1-modules,pyasn1_modules-0.4.2-0-py3-none-any.whl,Yes,1,pyasn1_modules-0.4.2.dist-info/pyasn1_modules-0.4.2-0.spdx.json,1,0,,,OK,
pybind11,pybind11-3.0.2-0-py3-none-any.whl,Yes,1,pybind11-3.0.2.dist-info/pybind11-3.0.2-0.spdx.json,1,0,,,OK,
pycodestyle,pycodestyle-2.14.0-0-py2.py3-none-any.whl,Yes,1,pycodestyle-2.14.0.dist-info/pycodestyle-2.14.0-0.spdx.json,1,0,,,OK,
pycparser,pycparser-3.0-0-py3-none-any.whl,Yes,1,pycparser-3.0.dist-info/pycparser-3.0-0.spdx.json,1,0,,,OK,
pydantic,pydantic-2.12.5-0-py3-none-any.whl,Yes,1,pydantic-2.12.5.dist-info/pydantic-2.12.5-0.spdx.json,1,0,,,OK,
pydantic-core,pydantic_core-2.41.5-0-cp312-cp312-manylinux_2_28_x86_64.whl,Yes,1,pydantic_core-2.41.5.dist-info/pydantic_core-2.41.5-0.spdx.json,1,0,,,OK,
pyflakes,pyflakes-3.4.0-0-py2.py3-none-any.whl,Yes,1,pyflakes-3.4.0.dist-info/pyflakes-3.4.0-0.spdx.json,1,0,,,OK,
pygments,pygments-2.19.2-0-py3-none-any.whl,Yes,1,pygments-2.19.2.dist-info/pygments-2.19.2-0.spdx.json,1,0,,,OK,
pyjwt,pyjwt-2.11.0-0-py3-none-any.whl,Yes,1,pyjwt-2.11.0.dist-info/pyjwt-2.11.0-0.spdx.json,1,0,,,OK,
pymysql,pymysql-1.1.2-0-py3-none-any.whl,Yes,1,pymysql-1.1.2.dist-info/pymysql-1.1.2-0.spdx.json,1,0,,,OK,
pynacl,pynacl-1.6.2-0-cp312-cp312-manylinux_2_26_x86_64.manylinux_2_28_x86_64.whl,Yes,1,pynacl-1.6.2.dist-info/pynacl-1.6.2-0.spdx.json,1,0,,,OK,
pyotp,pyotp-2.9.0-0-py3-none-any.whl,Yes,1,pyotp-2.9.0.dist-info/pyotp-2.9.0-0.spdx.json,1,0,,,OK,
pyparsing,pyparsing-3.3.2-0-py3-none-any.whl,Yes,1,pyparsing-3.3.2.dist-info/pyparsing-3.3.2-0.spdx.json,1,0,,,OK,
pypdf,pypdf-6.7.1-0-py3-none-any.whl,Yes,1,pypdf-6.7.1.dist-info/pypdf-6.7.1-0.spdx.json,1,0,,,OK,
pypdf,pypdf-6.7.3-0-py3-none-any.whl,Yes,1,pypdf-6.7.3.dist-info/pypdf-6.7.3-0.spdx.json,1,0,,,OK,
pyproject-api,pyproject_api-1.10.0-0-py3-none-any.whl,Yes,1,pyproject_api-1.10.0.dist-info/pyproject_api-1.10.0-0.spdx.json,1,0,,,OK,
pyproject-hooks,pyproject_hooks-1.2.0-0-py3-none-any.whl,Yes,1,pyproject_hooks-1.2.0.dist-info/pyproject_hooks-1.2.0-0.spdx.json,1,0,,,OK,
pyproject-metadata,pyproject_metadata-0.11.0-0-py3-none-any.whl,Yes,1,pyproject_metadata-0.11.0.dist-info/pyproject_metadata-0.11.0-0.spdx.json,1,0,,,OK,
pytest,pytest-9.0.2-0-py3-none-any.whl,Yes,1,pytest-9.0.2.dist-info/pytest-9.0.2-0.spdx.json,1,0,,,OK,
pytest-asyncio,pytest_asyncio-1.3.0-0-py3-none-any.whl,Yes,1,pytest_asyncio-1.3.0.dist-info/pytest_asyncio-1.3.0-0.spdx.json,1,0,,,OK,
pytest-cov,pytest_cov-7.0.0-0-py3-none-any.whl,Yes,1,pytest_cov-7.0.0.dist-info/pytest_cov-7.0.0-0.spdx.json,1,0,,,OK,
pytest-env,pytest_env-1.3.0-0-py3-none-any.whl,Yes,1,pytest_env-1.3.0.dist-info/pytest_env-1.3.0-0.spdx.json,1,0,,,OK,
pytest-env,pytest_env-1.5.0-0-py3-none-any.whl,Yes,1,pytest_env-1.5.0.dist-info/pytest_env-1.5.0-0.spdx.json,1,0,,,OK,
pytest-html,pytest_html-4.2.0-0-py3-none-any.whl,Yes,1,pytest_html-4.2.0.dist-info/pytest_html-4.2.0-0.spdx.json,1,0,,,OK,
pytest-metadata,pytest_metadata-3.1.1-0-py3-none-any.whl,Yes,1,pytest_metadata-3.1.1.dist-info/pytest_metadata-3.1.1-0.spdx.json,1,0,,,OK,
pytest-mock,pytest_mock-3.15.1-0-py3-none-any.whl,Yes,1,pytest_mock-3.15.1.dist-info/pytest_mock-3.15.1-0.spdx.json,1,0,,,OK,
pytest-rerunfailures,pytest_rerunfailures-16.1-0-py3-none-any.whl,Yes,1,pytest_rerunfailures-16.1.dist-info/pytest_rerunfailures-16.1-0.spdx.json,1,0,,,OK,
pytest-timeout,pytest_timeout-2.4.0-0-py3-none-any.whl,Yes,1,pytest_timeout-2.4.0.dist-info/pytest_timeout-2.4.0-0.spdx.json,1,0,,,OK,
pytest-xdist,pytest_xdist-3.8.0-0-py3-none-any.whl,Yes,1,pytest_xdist-3.8.0.dist-info/pytest_xdist-3.8.0-0.spdx.json,1,0,,,OK,
python-dateutil,python_dateutil-2.9.0.post0-0-py2.py3-none-any.whl,Yes,1,python_dateutil-2.9.0.post0.dist-info/python_dateutil-2.9.0.post0-0.spdx.json,1,0,,,OK,
python-decouple,python_decouple-3.8-0-py3-none-any.whl,Yes,1,python_decouple-3.8.dist-info/python_decouple-3.8-0.spdx.json,1,0,,,OK,
python-dotenv,python_dotenv-1.2.1-0-py3-none-any.whl,Yes,1,python_dotenv-1.2.1.dist-info/python_dotenv-1.2.1-0.spdx.json,1,0,,,OK,
python-jose,python_jose-3.5.0-0-py2.py3-none-any.whl,Yes,1,python_jose-3.5.0.dist-info/python_jose-3.5.0-0.spdx.json,1,0,,,OK,
python-json-logger,python_json_logger-4.0.0-0-py3-none-any.whl,Yes,1,python_json_logger-4.0.0.dist-info/python_json_logger-4.0.0-0.spdx.json,1,0,,,OK,
python-multipart,python_multipart-0.0.22-0-py3-none-any.whl,Yes,1,python_multipart-0.0.22.dist-info/python_multipart-0.0.22-0.spdx.json,1,0,,,OK,
python-slugify,python_slugify-8.0.4-0-py3-none-any.whl,Yes,1,python_slugify-8.0.4.dist-info/python_slugify-8.0.4-0.spdx.json,1,0,,,OK,
pytz,pytz-2025.2-0-py3-none-any.whl,Yes,1,pytz-2025.2.dist-info/pytz-2025.2-0.spdx.json,1,0,,,OK,
pyyaml,pyyaml-6.0.3-0-cp312-cp312-linux_x86_64.whl,Yes,1,pyyaml-6.0.3.dist-info/pyyaml-6.0.3-0.spdx.json,1,0,,,OK,
pyyaml,pyyaml-6.0.3-0-cp312-cp312-manylinux2014_x86_64.manylinux_2_17_x86_64.manylinux_2_28_x86_64.whl,Yes,1,pyyaml-6.0.3.dist-info/pyyaml-6.0.3-0.spdx.json,1,0,,,OK,
redis,redis-7.2.0-0-py3-none-any.whl,Yes,1,redis-7.2.0.dist-info/redis-7.2.0-0.spdx.json,1,0,,,OK,
referencing,referencing-0.37.0-0-py3-none-any.whl,Yes,1,referencing-0.37.0.dist-info/referencing-0.37.0-0.spdx.json,1,0,,,OK,
regex,regex-2026.2.19-0-cp312-cp312-manylinux2014_x86_64.manylinux_2_17_x86_64.manylinux_2_28_x86_64.whl,Yes,1,regex-2026.2.19.dist-info/regex-2026.2.19-0.spdx.json,1,0,,,OK,
requests,requests-2.32.4-0-py3-none-any.whl,Yes,1,requests-2.32.4.dist-info/requests-2.32.4-0.spdx.json,1,0,,,OK,
requests,requests-2.32.5-0-py3-none-any.whl,Yes,1,requests-2.32.5.dist-info/requests-2.32.5-0.spdx.json,1,0,,,OK,
requests-oauthlib,requests_oauthlib-2.0.0-0-py2.py3-none-any.whl,Yes,1,requests_oauthlib-2.0.0.dist-info/requests_oauthlib-2.0.0-0.spdx.json,1,0,,,OK,
requests-toolbelt,requests_toolbelt-1.0.0-0-py2.py3-none-any.whl,Yes,1,requests_toolbelt-1.0.0.dist-info/requests_toolbelt-1.0.0-0.spdx.json,1,0,,,OK,
retry,retry-0.9.2-0-py2.py3-none-any.whl,Yes,1,retry-0.9.2.dist-info/retry-0.9.2-0.spdx.json,1,0,,,OK,
rfc3986,rfc3986-2.0.0-0-py2.py3-none-any.whl,Yes,1,rfc3986-2.0.0.dist-info/rfc3986-2.0.0-0.spdx.json,1,0,,,OK,
rich,rich-14.3.2-0-py3-none-any.whl,Yes,1,rich-14.3.2.dist-info/rich-14.3.2-0.spdx.json,1,0,,,OK,
rich,rich-14.3.3-0-py3-none-any.whl,Yes,1,rich-14.3.3.dist-info/rich-14.3.3-0.spdx.json,1,0,,,OK,
rich,rich-13.9.4-0-py3-none-any.whl,Yes,1,rich-13.9.4.dist-info/rich-13.9.4-0.spdx.json,1,0,,,OK,
rpds-py,rpds_py-0.30.0-0-cp312-cp312-manylinux_2_28_x86_64.whl,Yes,1,rpds_py-0.30.0.dist-info/rpds_py-0.30.0-0.spdx.json,1,0,,,OK,
rsa,rsa-4.9.1-0-py3-none-any.whl,Yes,1,rsa-4.9.1.dist-info/rsa-4.9.1-0.spdx.json,1,0,,,OK,
rsa,rsa-4.7.2-0-py3-none-any.whl,Yes,1,rsa-4.7.2.dist-info/rsa-4.7.2-0.spdx.json,1,0,,,OK,
ruff,ruff-0.13.3-0-py3-none-manylinux_2_28_x86_64.whl,Yes,1,ruff-0.13.3.dist-info/ruff-0.13.3-0.spdx.json,1,0,,,OK,
s3fs,s3fs-2026.2.0-0-py3-none-any.whl,Yes,1,s3fs-2026.2.0.dist-info/s3fs-2026.2.0-0.spdx.json,1,0,,,OK,
s3fs,s3fs-2026.1.0-0-py3-none-any.whl,Yes,1,s3fs-2026.1.0.dist-info/s3fs-2026.1.0-0.spdx.json,1,0,,,OK,
s3transfer,s3transfer-0.16.0-0-py3-none-any.whl,Yes,1,s3transfer-0.16.0.dist-info/s3transfer-0.16.0-0.spdx.json,1,0,,,OK,
scikit-build,scikit_build-0.18.1-0-py3-none-any.whl,Yes,1,scikit_build-0.18.1.dist-info/scikit_build-0.18.1-0.spdx.json,1,0,,,OK,
scikit-build-core,scikit_build_core-0.11.6-0-py3-none-any.whl,Yes,1,scikit_build_core-0.11.6.dist-info/scikit_build_core-0.11.6-0.spdx.json,1,0,,,OK,
scikit-build-core,scikit_build_core-0.12.0-0-py3-none-any.whl,Yes,1,scikit_build_core-0.12.0.dist-info/scikit_build_core-0.12.0-0.spdx.json,1,0,,,OK,
scikit-build-core,scikit_build_core-0.12.1-0-py3-none-any.whl,Yes,1,scikit_build_core-0.12.1.dist-info/scikit_build_core-0.12.1-0.spdx.json,1,0,,,OK,
semantic-version,semantic_version-2.10.0-0-py2.py3-none-any.whl,Yes,1,semantic_version-2.10.0.dist-info/semantic_version-2.10.0-0.spdx.json,1,0,,,OK,
semver,semver-3.0.4-0-py3-none-any.whl,Yes,1,semver-3.0.4.dist-info/semver-3.0.4-0.spdx.json,1,0,,,OK,
setuptools,setuptools-69.5.1-0-py3-none-any.whl,Yes,1,setuptools-69.5.1.dist-info/setuptools-69.5.1-0.spdx.json,1,0,,,OK,
setuptools,setuptools-80.10.2-0-py3-none-any.whl,Yes,1,setuptools-80.10.2.dist-info/setuptools-80.10.2-0.spdx.json,0,0,,setuptools-80.10.2.dist-info/setuptools-80.10.2-0.spdx.json,OK,
setuptools,setuptools-82.0.0-0-py3-none-any.whl,Yes,1,setuptools-82.0.0.dist-info/setuptools-82.0.0-0.spdx.json,0,0,,setuptools-82.0.0.dist-info/setuptools-82.0.0-0.spdx.json,OK,
setuptools,setuptools-81.0.0-0-py3-none-any.whl,Yes,1,setuptools-81.0.0.dist-info/setuptools-81.0.0-0.spdx.json,0,0,,setuptools-81.0.0.dist-info/setuptools-81.0.0-0.spdx.json,OK,
setuptools,setuptools-75.3.4-0-py3-none-any.whl,Yes,1,setuptools-75.3.4.dist-info/setuptools-75.3.4-0.spdx.json,0,0,,setuptools-75.3.4.dist-info/setuptools-75.3.4-0.spdx.json,OK,
setuptools-git-versioning,setuptools_git_versioning-3.0.1-0-py3-none-any.whl,Yes,1,setuptools_git_versioning-3.0.1.dist-info/setuptools_git_versioning-3.0.1-0.spdx.json,1,0,,,OK,
setuptools-rust,setuptools_rust-1.12.0-0-py3-none-any.whl,Yes,1,setuptools_rust-1.12.0.dist-info/setuptools_rust-1.12.0-0.spdx.json,1,0,,,OK,
setuptools-scm,setuptools_scm-7.1.0-0-py3-none-any.whl,Yes,1,setuptools_scm-7.1.0.dist-info/setuptools_scm-7.1.0-0.spdx.json,1,0,,,OK,
setuptools-scm,setuptools_scm-9.2.2-0-py3-none-any.whl,Yes,1,setuptools_scm-9.2.2.dist-info/setuptools_scm-9.2.2-0.spdx.json,1,0,,,OK,
shellingham,shellingham-1.5.4-0-py2.py3-none-any.whl,Yes,1,shellingham-1.5.4.dist-info/shellingham-1.5.4-0.spdx.json,1,0,,,OK,
simplejson,simplejson-3.20.2-0-cp312-cp312-linux_x86_64.whl,Yes,1,simplejson-3.20.2.dist-info/simplejson-3.20.2-0.spdx.json,1,0,,,OK,
simplejson,simplejson-3.20.2-0-cp312-cp312-manylinux1_x86_64.manylinux_2_28_x86_64.manylinux_2_5_x86_64.whl,Yes,1,simplejson-3.20.2.dist-info/simplejson-3.20.2-0.spdx.json,1,0,,,OK,
six,six-1.17.0-0-py2.py3-none-any.whl,Yes,1,six-1.17.0.dist-info/six-1.17.0-0.spdx.json,1,0,,,OK,
smmap,smmap-5.0.2-0-py3-none-any.whl,Yes,1,smmap-5.0.2.dist-info/smmap-5.0.2-0.spdx.json,1,0,,,OK,
sniffio,sniffio-1.3.1-0-py3-none-any.whl,Yes,1,sniffio-1.3.1.dist-info/sniffio-1.3.1-0.spdx.json,1,0,,,OK,
sortedcontainers,sortedcontainers-2.4.0-0-py3-none-any.whl,Yes,1,sortedcontainers-2.4.0.dist-info/sortedcontainers-2.4.0-0.spdx.json,1,0,,,OK,
sqlalchemy,sqlalchemy-2.1.0b1-0-cp312-cp312-manylinux2014_x86_64.manylinux_2_17_x86_64.manylinux_2_28_x86_64.whl,Yes,1,sqlalchemy-2.1.0b1.dist-info/sqlalchemy-2.1.0b1-0.spdx.json,1,0,,,OK,
sqlalchemy,sqlalchemy-2.0.47-0-cp312-cp312-manylinux2014_x86_64.manylinux_2_17_x86_64.manylinux_2_28_x86_64.whl,Yes,1,sqlalchemy-2.0.47.dist-info/sqlalchemy-2.0.47-0.spdx.json,1,0,,,OK,
sqlalchemy-utils,sqlalchemy_utils-0.42.1-0-py3-none-any.whl,Yes,1,sqlalchemy_utils-0.42.1.dist-info/sqlalchemy_utils-0.42.1-0.spdx.json,1,0,,,OK,
sqlparse,sqlparse-0.5.5-0-py3-none-any.whl,Yes,1,sqlparse-0.5.5.dist-info/sqlparse-0.5.5-0.spdx.json,1,0,,,OK,
sse-starlette,sse_starlette-3.2.0-0-py3-none-any.whl,Yes,1,sse_starlette-3.2.0.dist-info/sse_starlette-3.2.0-0.spdx.json,1,0,,,OK,
stack-data,stack_data-0.6.3-0-py3-none-any.whl,Yes,1,stack_data-0.6.3.dist-info/stack_data-0.6.3-0.spdx.json,1,0,,,OK,
starlette,starlette-0.52.1-0-py3-none-any.whl,Yes,1,starlette-0.52.1.dist-info/starlette-0.52.1-0.spdx.json,1,0,,,OK,
stevedore,stevedore-5.7.0-0-py3-none-any.whl,Yes,1,stevedore-5.7.0.dist-info/stevedore-5.7.0-0.spdx.json,1,0,,,OK,
structlog,structlog-25.5.0-0-py3-none-any.whl,Yes,1,structlog-25.5.0.dist-info/structlog-25.5.0-0.spdx.json,1,0,,,OK,
tabulate,tabulate-0.9.0-0-py3-none-any.whl,Yes,1,tabulate-0.9.0.dist-info/tabulate-0.9.0-0.spdx.json,1,0,,,OK,
tenacity,tenacity-9.1.4-0-py3-none-any.whl,Yes,1,tenacity-9.1.4.dist-info/tenacity-9.1.4-0.spdx.json,1,0,,,OK,
termcolor,termcolor-3.3.0-0-py3-none-any.whl,Yes,1,termcolor-3.3.0.dist-info/termcolor-3.3.0-0.spdx.json,1,0,,,OK,
text-unidecode,text_unidecode-1.3-0-py2.py3-none-any.whl,Yes,1,text_unidecode-1.3.dist-info/text_unidecode-1.3-0.spdx.json,1,0,,,OK,
toml,toml-0.10.2-0-py2.py3-none-any.whl,Yes,1,toml-0.10.2.dist-info/toml-0.10.2-0.spdx.json,1,0,,,OK,
tomli,tomli-2.4.0-0-py3-none-any.whl,Yes,1,tomli-2.4.0.dist-info/tomli-2.4.0-0.spdx.json,1,0,,,OK,
tomlkit,tomlkit-0.14.0-0-py3-none-any.whl,Yes,1,tomlkit-0.14.0.dist-info/tomlkit-0.14.0-0.spdx.json,1,0,,,OK,
toolz,toolz-1.1.0-0-py3-none-any.whl,Yes,1,toolz-1.1.0.dist-info/toolz-1.1.0-0.spdx.json,1,0,,,OK,
tox,tox-4.39.0-0-py3-none-any.whl,Yes,1,tox-4.39.0.dist-info/tox-4.39.0-0.spdx.json,1,0,,,OK,
tqdm,tqdm-4.67.3-0-py3-none-any.whl,Yes,1,tqdm-4.67.3.dist-info/tqdm-4.67.3-0.spdx.json,1,0,,,OK,
traitlets,traitlets-5.14.3-0-py3-none-any.whl,Yes,1,traitlets-5.14.3.dist-info/traitlets-5.14.3-0.spdx.json,1,0,,,OK,
trove-classifiers,trove_classifiers-2026.1.14.14-0-py3-none-any.whl,Yes,1,trove_classifiers-2026.1.14.14.dist-info/trove_classifiers-2026.1.14.14-0.spdx.json,1,0,,,OK,
typer,typer-0.22.0-0-py3-none-any.whl,Yes,1,typer-0.22.0.dist-info/typer-0.22.0-0.spdx.json,1,0,,,OK,
typer,typer-0.23.1-0-py3-none-any.whl,Yes,1,typer-0.23.1.dist-info/typer-0.23.1-0.spdx.json,1,0,,,OK,
types-psutil,types_psutil-7.2.2.20260130-0-py3-none-any.whl,Yes,1,types_psutil-7.2.2.20260130.dist-info/types_psutil-7.2.2.20260130-0.spdx.json,1,0,,,OK,
types-python-dateutil,types_python_dateutil-2.9.0.20260124-0-py3-none-any.whl,Yes,1,types_python_dateutil-2.9.0.20260124.dist-info/types_python_dateutil-2.9.0.20260124-0.spdx.json,1,0,,,OK,
types-pytz,types_pytz-2025.2.0.20251108-0-py3-none-any.whl,Yes,1,types_pytz-2025.2.0.20251108.dist-info/types_pytz-2025.2.0.20251108-0.spdx.json,1,0,,,OK,
types-pyyaml,types_pyyaml-6.0.12.20250915-0-py3-none-any.whl,Yes,1,types_pyyaml-6.0.12.20250915.dist-info/types_pyyaml-6.0.12.20250915-0.spdx.json,1,0,,,OK,
types-requests,types_requests-2.32.4.20260107-0-py3-none-any.whl,Yes,1,types_requests-2.32.4.20260107.dist-info/types_requests-2.32.4.20260107-0.spdx.json,1,0,,,OK,
types-setuptools,types_setuptools-81.0.0.20260209-0-py3-none-any.whl,Yes,1,types_setuptools-81.0.0.20260209.dist-info/types_setuptools-81.0.0.20260209-0.spdx.json,1,0,,,OK,
types-setuptools,types_setuptools-80.10.0.20260124-0-py3-none-any.whl,Yes,1,types_setuptools-80.10.0.20260124.dist-info/types_setuptools-80.10.0.20260124-0.spdx.json,1,0,,,OK,
types-setuptools,types_setuptools-82.0.0.20260210-0-py3-none-any.whl,Yes,1,types_setuptools-82.0.0.20260210.dist-info/types_setuptools-82.0.0.20260210-0.spdx.json,1,0,,,OK,
types-toml,types_toml-0.10.8.20240310-0-py3-none-any.whl,Yes,1,types_toml-0.10.8.20240310.dist-info/types_toml-0.10.8.20240310-0.spdx.json,1,0,,,OK,
types-urllib3,types_urllib3-1.26.25.14-0-py3-none-any.whl,Yes,1,types_urllib3-1.26.25.14.dist-info/types_urllib3-1.26.25.14-0.spdx.json,1,0,,,OK,
typing-extensions,typing_extensions-4.15.0-0-py3-none-any.whl,Yes,1,typing_extensions-4.15.0.dist-info/typing_extensions-4.15.0-0.spdx.json,1,0,,,OK,
typing-inspection,typing_inspection-0.4.2-0-py3-none-any.whl,Yes,1,typing_inspection-0.4.2.dist-info/typing_inspection-0.4.2-0.spdx.json,1,0,,,OK,
tzdata,tzdata-2025.3-0-py2.py3-none-any.whl,Yes,1,tzdata-2025.3.dist-info/tzdata-2025.3-0.spdx.json,1,0,,,OK,
tzlocal,tzlocal-5.3.1-0-py3-none-any.whl,Yes,1,tzlocal-5.3.1.dist-info/tzlocal-5.3.1-0.spdx.json,1,0,,,OK,
unidecode,unidecode-1.4.0-0-py3-none-any.whl,Yes,1,unidecode-1.4.0.dist-info/unidecode-1.4.0-0.spdx.json,1,0,,,OK,
uritemplate,uritemplate-4.2.0-0-py3-none-any.whl,Yes,1,uritemplate-4.2.0.dist-info/uritemplate-4.2.0-0.spdx.json,1,0,,,OK,
urllib3,urllib3-2.6.3-0-py3-none-any.whl,Yes,1,urllib3-2.6.3.dist-info/urllib3-2.6.3-0.spdx.json,1,0,,,OK,
uvicorn,uvicorn-0.41.0-0-py3-none-any.whl,Yes,1,uvicorn-0.41.0.dist-info/uvicorn-0.41.0-0.spdx.json,1,0,,,OK,
validators,validators-0.35.0-0-py3-none-any.whl,Yes,1,validators-0.35.0.dist-info/validators-0.35.0-0.spdx.json,1,0,,,OK,
versioneer,versioneer-0.29-0-py3-none-any.whl,Yes,1,versioneer-0.29.dist-info/versioneer-0.29-0.spdx.json,1,0,,,OK,
vine,vine-5.1.0-0-py3-none-any.whl,Yes,1,vine-5.1.0.dist-info/vine-5.1.0-0.spdx.json,1,0,,,OK,
virtualenv,virtualenv-20.38.0-0-py3-none-any.whl,Yes,1,virtualenv-20.38.0.dist-info/virtualenv-20.38.0-0.spdx.json,1,0,,,OK,
virtualenv,virtualenv-20.39.0-0-py3-none-any.whl,Yes,1,virtualenv-20.39.0.dist-info/virtualenv-20.39.0-0.spdx.json,1,0,,,OK,
virtualenv,virtualenv-20.39.1-0-py3-none-any.whl,Yes,1,virtualenv-20.39.1.dist-info/virtualenv-20.39.1-0.spdx.json,1,0,,,OK,
wcwidth,wcwidth-0.6.0-0-py3-none-any.whl,Yes,1,wcwidth-0.6.0.dist-info/wcwidth-0.6.0-0.spdx.json,1,0,,,OK,
webencodings,webencodings-0.5.1-0-py2.py3-none-any.whl,Yes,1,webencodings-0.5.1.dist-info/webencodings-0.5.1-0.spdx.json,1,0,,,OK,
websocket-client,websocket_client-1.9.0-0-py3-none-any.whl,Yes,1,websocket_client-1.9.0.dist-info/websocket_client-1.9.0-0.spdx.json,1,0,,,OK,
werkzeug,werkzeug-3.1.6-0-py3-none-any.whl,Yes,1,werkzeug-3.1.6.dist-info/werkzeug-3.1.6-0.spdx.json,1,0,,,OK,
werkzeug,werkzeug-3.1.5-0-py3-none-any.whl,Yes,1,werkzeug-3.1.5.dist-info/werkzeug-3.1.5-0.spdx.json,1,0,,,OK,
wheel,wheel-0.46.3-0-py3-none-any.whl,Yes,1,wheel-0.46.3.dist-info/wheel-0.46.3-0.spdx.json,1,0,,,OK,
wrapt,wrapt-2.1.1-0-cp312-cp312-manylinux1_x86_64.manylinux_2_28_x86_64.manylinux_2_5_x86_64.whl,Yes,1,wrapt-2.1.1.dist-info/wrapt-2.1.1-0.spdx.json,1,0,,,OK,
wrapt,wrapt-1.17.3-0-cp312-cp312-manylinux1_x86_64.manylinux_2_28_x86_64.manylinux_2_5_x86_64.whl,Yes,1,wrapt-1.17.3.dist-info/wrapt-1.17.3-0.spdx.json,1,0,,,OK,
wrapt,wrapt-2.1.0-0-cp312-cp312-manylinux1_x86_64.manylinux_2_28_x86_64.manylinux_2_5_x86_64.whl,Yes,1,wrapt-2.1.0.dist-info/wrapt-2.1.0-0.spdx.json,1,0,,,OK,
wsproto,wsproto-1.3.2-0-py3-none-any.whl,Yes,1,wsproto-1.3.2.dist-info/wsproto-1.3.2-0.spdx.json,1,0,,,OK,
wtforms,wtforms-3.2.1-0-py3-none-any.whl,Yes,1,wtforms-3.2.1.dist-info/wtforms-3.2.1-0.spdx.json,1,0,,,OK,
xlrd,xlrd-2.0.2-0-py2.py3-none-any.whl,Yes,1,xlrd-2.0.2.dist-info/xlrd-2.0.2-0.spdx.json,1,0,,,OK,
xlsxwriter,xlsxwriter-3.2.9-0-py3-none-any.whl,Yes,1,xlsxwriter-3.2.9.dist-info/xlsxwriter-3.2.9-0.spdx.json,1,0,,,OK,
xmltodict,xmltodict-1.0.3-0-py3-none-any.whl,Yes,1,xmltodict-1.0.3.dist-info/xmltodict-1.0.3-0.spdx.json,1,0,,,OK,
xmltodict,xmltodict-1.0.4-0-py3-none-any.whl,Yes,1,xmltodict-1.0.4.dist-info/xmltodict-1.0.4-0.spdx.json,1,0,,,OK,
xmltodict,xmltodict-1.0.2-0-py3-none-any.whl,Yes,1,xmltodict-1.0.2.dist-info/xmltodict-1.0.2-0.spdx.json,1,0,,,OK,
yamllint,yamllint-1.38.0-0-py3-none-any.whl,Yes,1,yamllint-1.38.0.dist-info/yamllint-1.38.0-0.spdx.json,1,0,,,OK,
yarl,yarl-1.22.0-0-cp312-cp312-manylinux2014_x86_64.manylinux_2_17_x86_64.manylinux_2_28_x86_64.whl,Yes,1,yarl-1.22.0.dist-info/yarl-1.22.0-0.spdx.json,1,0,,,OK,
zipp,zipp-3.23.0-0-py3-none-any.whl,Yes,1,zipp-3.23.0.dist-info/zipp-3.23.0-0.spdx.json,1,0,,,OK,
